stock1,stock2,edge,z_score,p_target,signal,weight,capital
AES,LNT,1.214003170659467,1.806980176200848,0.9734351412738912,LONG_SPREAD,0.008030231116888699,803.0231116888699
AES,XYL,1.161050140736484,1.97276339277464,0.9109390708462412,LONG_SPREAD,0.007679964265122498,767.9964265122497
F,UDR,1.150624461383482,1.6605013564734037,0.9971780299743082,LONG_SPREAD,0.007611001830115263,761.1001830115263
AES,D,1.0944498760551538,1.797997805985174,0.9418434485914228,LONG_SPREAD,0.007239425450428529,723.9425450428529
AES,EVRG,1.0581105114958749,1.7104201742884964,0.9564829534878224,LONG_SPREAD,0.006999052522989333,699.9052522989333
KMI,NOW,1.056642630386466,1.6888428820956358,0.9622284995116658,LONG_SPREAD,0.0069893429729275605,698.934297292756
AES,MOH,1.0318393286923633,1.6223735666800554,0.9741330748606594,LONG_SPREAD,0.0068252773017008815,682.5277301700881
F,MKC,1.012293251033255,1.5410762842359351,0.9917762762278056,LONG_SPREAD,0.006695986435890348,669.5986435890349
CNP,ODFL,1.0057846284555028,1.7318754014221078,0.9354026362952556,LONG_SPREAD,0.006652934041287821,665.2934041287822
INVH,WDC,0.990842962310419,1.687756377994849,0.9437390240901627,LONG_SPREAD,0.006554099841084509,655.4099841084509
AES,NI,0.9384790267712004,1.5380277589572564,0.9715575050896984,LONG_SPREAD,0.006207729654636506,620.7729654636506
FE,XEL,0.926509481787366,1.6100997795017475,0.9475456292244624,LONG_SPREAD,0.006128555056985354,612.8555056985354
INVH,TER,0.8833984988236844,1.6049403910270088,0.936702316513336,LONG_SPREAD,0.0058433901041734446,584.3390104173444
AES,PLTR,0.8632540530017836,1.5694704140137037,0.94108103971088,LONG_SPREAD,0.005710141230050955,571.0141230050955
AMCR,HII,0.8629203212144811,1.3629204526796908,0.9999999624385116,LONG_SPREAD,0.005707933704199408,570.7933704199409
F,PWR,0.8609604577850052,1.361273536533675,0.9999105489289516,LONG_SPREAD,0.005694969853134933,569.4969853134933
KMI,PYPL,0.8599212821921475,1.3921745037108904,0.9907847938517876,LONG_SPREAD,0.005688096048862128,568.8096048862128
CNP,UPS,0.8530890931129806,1.6987238502414586,0.9012472122490064,LONG_SPREAD,0.005642903368426056,564.2903368426056
AES,WYNN,0.8315651096096112,1.3692666879122537,0.9892281204849592,LONG_SPREAD,0.005500529306919885,550.0529306919885
AES,IBKR,0.8174742256329622,1.501990216434922,0.9472811454851544,LONG_SPREAD,0.005407322750538086,540.7322750538086
F,NVDA,0.8145426076504217,1.3179687585188724,0.9990210997518713,LONG_SPREAD,0.005387931063172526,538.7931063172525
PCG,SJM,0.8004904972842651,1.3664633350509137,0.9811506177809576,LONG_SPREAD,0.005294980981453244,529.4980981453243
CAG,ULTA,0.7979856667556019,1.6448370773658425,0.9008995969685027,LONG_SPREAD,0.005278412352523817,527.8412352523817
HST,PNW,0.7967902785767879,1.3991167792654535,0.9707638569460956,LONG_SPREAD,0.005270505253446753,527.0505253446753
CNP,TGT,0.791595243336785,1.4910445138939912,0.9430144941265124,LONG_SPREAD,0.005236141806426313,523.6141806426313
AES,HSY,0.7898817823065147,1.5610251704388938,0.922530460533606,LONG_SPREAD,0.005224807826074862,522.4807826074862
PCG,ULTA,0.7663885839456404,1.33772328473152,0.97961865691832,LONG_SPREAD,0.005069408056887891,506.9408056887891
CNP,TRGP,0.7609077744924675,2.053345516825734,0.7735892164762096,LONG_SPREAD,0.005033154307572971,503.3154307572971
PCG,WFC,0.7455802519856063,1.3450672280881368,0.9715751496849911,LONG_SPREAD,0.004931767794626265,493.1767794626265
AES,AEP,0.7338945894437786,1.3103490652026335,0.9781558640688984,LONG_SPREAD,0.004854470985826441,485.4470985826441
PCG,TPR,0.7257001966663559,1.311888064174014,0.975374894997812,LONG_SPREAD,0.004800267776596334,480.02677765963335
HST,MDT,0.7230734866777809,1.2527789795978816,0.9915127163085428,LONG_SPREAD,0.004782892955183109,478.2892955183109
HBAN,NXPI,0.7217674461492701,1.2239812659315576,0.9993674800622036,LONG_SPREAD,0.004774253927258439,477.42539272584395
PCG,ROK,0.7008071127234589,1.2631107232825205,0.9821989684116968,LONG_SPREAD,0.004635608225365519,463.5608225365519
AES,AVGO,0.6995602859852907,1.284403021382442,0.9757592184579568,LONG_SPREAD,0.0046273608771606805,462.736087716068
AES,UDR,0.6937298533191258,1.3554970565463362,0.95378079907794,LONG_SPREAD,0.004588794485447446,458.87944854474466
PCG,PNC,0.693049823732217,1.235262802953766,0.9879391487938431,LONG_SPREAD,0.004584296313711837,458.4296313711837
PCG,SYF,0.6886658942655907,1.2397357169963985,0.985408622076912,LONG_SPREAD,0.0045552980642278385,455.52980642278385
CMCSA,PAYX,0.687100583125656,1.531169967726823,0.9016944615425238,LONG_SPREAD,0.004544944046604732,454.49440466047315
CAG,GE,0.6796956974954788,1.2313616312410098,0.985238304644134,LONG_SPREAD,0.004495963167113165,449.5963167113165
INVH,LRCX,0.675136771110915,1.398534634625285,0.9361720389958944,LONG_SPREAD,0.004465807370655861,446.58073706558605
HST,VLO,0.6708460091749974,1.1748675972899891,0.998850974824288,LONG_SPREAD,0.00443742539370085,443.74253937008496
AES,MPWR,0.6704072140007881,1.2217740053849877,0.9853237738902288,LONG_SPREAD,0.004434522908149711,443.45229081497104
PCG,RF,0.6694997965802607,1.2176856053561438,0.9862326260640334,LONG_SPREAD,0.004428520640789596,442.8520640789596
CMCSA,WDC,0.6672877055993867,1.8692332871201005,0.7994441195655103,LONG_SPREAD,0.004413888387548977,441.3888387548977
AES,CBOE,0.6563537713488605,1.2785778241776875,0.9650788420489066,LONG_SPREAD,0.00434156401379887,434.15640137988703
PCG,TXT,0.6552084801707206,1.2104739220208014,0.9842098737571198,LONG_SPREAD,0.004333988289880784,433.3988289880784
PCG,STT,0.6550515830617644,1.218314000535351,0.9819250235789752,LONG_SPREAD,0.004332950467182342,433.2950467182342
AES,CBRE,0.6396660397801927,1.232408633999326,0.9735021159373904,LONG_SPREAD,0.0042311801659212665,423.11801659212665
AES,NVDA,0.6385175606787833,1.188317568100214,0.9857714264510198,LONG_SPREAD,0.004223583354940761,422.35833549407613
CNP,IEX,0.6377581721521399,1.476698991974181,0.9031597657651312,LONG_SPREAD,0.004218560249957315,421.8560249957315
AES,STZ,0.6375879185704224,1.245902534666214,0.9690529668297738,LONG_SPREAD,0.0042174340785907875,421.74340785907873
CAG,JCI,0.626435488581987,1.1802736164086371,0.9846176777638144,LONG_SPREAD,0.004143664427500496,414.3664427500496
AES,ETR,0.6190707934357224,1.1405016139244315,0.9938769084317972,LONG_SPREAD,0.004094949394822445,409.49493948224455
HBAN,MCO,0.6096885359206675,1.1133026016423102,0.9989674097938164,LONG_SPREAD,0.004032888851600693,403.2888851600693
AES,EQR,0.6025073094600905,1.209626917547754,0.969394397689239,LONG_SPREAD,0.003985387403849263,398.5387403849263
DVN,PFE,0.5993458565878669,2.088330792057104,0.717432875580218,LONG_SPREAD,0.003964475434389318,396.4475434389318
HST,QCOM,0.5896547367617044,1.0964528282597337,0.9980576881434202,LONG_SPREAD,0.003900371868709772,390.03718687097717
CMCSA,TYL,0.5851849271261276,1.7225539578406868,0.8178945626529831,LONG_SPREAD,0.0038708055501945737,387.0805550194574
PCG,LUV,0.5630683388148314,1.11629635714632,0.9847919947624318,LONG_SPREAD,0.0037245116030706045,372.45116030706043
AES,GILD,0.5608629096923067,1.1845707298235535,0.9646549085339294,LONG_SPREAD,0.0037099234158287455,370.99234158287453
KMI,VTR,0.5536047787416828,1.0801823262614063,0.9924064149943648,LONG_SPREAD,0.0036619132702057386,366.19132702057385
KMI,ZBRA,0.5512188746805801,1.0677658725058956,0.995272286335624,LONG_SPREAD,0.0036461313006883357,364.6131300688336
CNP,RVTY,0.5371574705915466,1.2971438093690013,0.9257181889207272,LONG_SPREAD,0.003553119744053303,355.31197440533026
PCG,TKO,0.5347525386797563,1.096032715255215,0.9824913781212976,LONG_SPREAD,0.003537211911570817,353.7211911570817
CNP,CTRA,0.527978219833479,1.58595132421809,0.8405791130329683,LONG_SPREAD,0.003492402023664552,349.2402023664552
NI,ORCL,0.51897492276476,1.32800055120689,0.9117069633022484,LONG_SPREAD,0.0034328481789768594,343.28481789768597
ETR,EVRG,0.5187473431204874,1.8990934445761751,0.7484725424412321,LONG_SPREAD,0.0034313428145880537,343.1342814588054
O,SO,0.5168247149526215,1.1872401381558653,0.9513098790847876,LONG_SPREAD,0.0034186252625149263,341.8625262514926
CCL,TRMB,0.5112484119360602,2.047926552570125,0.7038062455331243,LONG_SPREAD,0.0033817398547309695,338.17398547309693
PCG,WAB,0.5110563602146162,1.0578950671106402,0.9866175123154216,LONG_SPREAD,0.003380469495849819,338.0469495849819
AES,APP,0.5044374091008065,1.098649557381132,0.9730822433484784,LONG_SPREAD,0.0033366873143202544,333.6687314320254
ETR,XEL,0.5037486598300562,2.2394090264515016,0.6469541809653013,LONG_SPREAD,0.0033321314647480425,333.21314647480426
APA,BKR,0.5019682799856359,1.3356192608773376,0.9046711483166566,LONG_SPREAD,0.0033203548384820834,332.03548384820834
DAY,MTD,0.4999364013961386,-6.359860386141742e-05,1.0,SHORT_SPREAD,0.003306914630853748,330.6914630853748
D,TAP,0.4999134215306777,-8.657846932232973e-05,1.0,SHORT_SPREAD,0.0033067626266126172,330.6762626612617
PPL,VRTX,0.4998845427959842,0.0001154572040157,1.0,LONG_SPREAD,0.0033065716032944278,330.6571603294428
CHTR,VRSK,0.4998463598374493,0.0001536401625506,1.0,LONG_SPREAD,0.0033063190356000657,330.63190356000655
F,WELL,0.4998183598104329,1.000066745349625,0.999929032703088,LONG_SPREAD,0.0033061338246437393,330.61338246437396
MDLZ,ROST,0.4998144290829527,-0.0001855709170472,1.0,SHORT_SPREAD,0.0033061078241761245,330.6107824176124
CSCO,CPRT,0.4994907545904696,-0.0005092454095303,1.0,SHORT_SPREAD,0.003303966824017229,330.3966824017229
GPN,ZBH,0.4994369340607719,0.000563065939228,1.0,LONG_SPREAD,0.0033036108189401824,330.36108189401824
CBOE,PGR,0.4992878154837971,-0.0007121845162028,1.0,SHORT_SPREAD,0.0033026244486687776,330.2624448668778
CBOE,CINF,0.4992816788933814,-0.0007183211066186,1.0,SHORT_SPREAD,0.0033025838571443906,330.25838571443904
APO,TRGP,0.4990476183863784,-0.0009523816136215,1.0,SHORT_SPREAD,0.003301035623983229,330.10356239832294
ALL,SOLV,0.4990073249137171,0.0009926750862828,1.0,LONG_SPREAD,0.003300769095933062,330.0769095933062
ALL,IRM,0.4987607801928748,0.0012392198071251,1.0,LONG_SPREAD,0.0032991382838092878,329.9138283809288
LNT,HOLX,0.4986828160022452,0.0013171839977548,1.0,LONG_SPREAD,0.0032986225763673893,329.86225763673895
ATO,LII,0.4986804447796321,0.0013195552203678,1.0,LONG_SPREAD,0.003298606891510815,329.86068915108154
EW,POOL,0.4986667443455579,-0.001333255654442,1.0,SHORT_SPREAD,0.0032985162676519354,329.85162676519354
DVN,GEHC,0.4984747633295865,1.5878973472571958,0.8315935474492545,LONG_SPREAD,0.003297246376464198,329.7246376464198
MSCI,TDY,0.4984253952342408,0.0015746047657592,1.0,LONG_SPREAD,0.0032969198227738882,329.69198227738883
PFE,PSX,0.4984117271848399,0.00158827281516,1.0,LONG_SPREAD,0.0032968294131289558,329.6829413128956
AEE,UDR,0.49840204381812,-0.0015979561818799,1.0,SHORT_SPREAD,0.0032967653608475204,329.67653608475206
ERIE,ULTA,0.4982603356027723,-0.0017396643972277,1.0,SHORT_SPREAD,0.0032958280076775238,329.58280076775236
CI,MTD,0.4981918939088557,-0.0018081060911442,1.0,SHORT_SPREAD,0.0032953752884149513,329.53752884149515
PCG,PSA,0.4981890617998065,1.037252036758289,0.9888391500118622,LONG_SPREAD,0.0032953565549464045,329.5356554946405
SO,SMCI,0.498066573501317,0.0019334264986829,1.0,LONG_SPREAD,0.003294546335195948,329.4546335195948
AEE,ESS,0.498033003436016,0.001966996563984,1.0,LONG_SPREAD,0.003294324280270976,329.4324280270976
EL,STT,0.4980266559543347,0.0019733440456653,1.0,LONG_SPREAD,0.0032942822937703287,329.4282293770329
AJG,KLAC,0.497941624903962,-0.0020583750960379,1.0,SHORT_SPREAD,0.0032937198413788464,329.3719841378846
ATO,MPWR,0.4979017550211292,-0.0020982449788707,1.0,SHORT_SPREAD,0.003293456115235877,329.3456115235877
HSY,MPWR,0.4978714347762553,0.0021285652237447,1.0,LONG_SPREAD,0.003293255556802635,329.3255556802635
AVB,HCA,0.497859093478436,0.0021409065215639,1.0,LONG_SPREAD,0.003293173923182422,329.3173923182422
AMD,MMC,0.497606221735329,-0.002393778264671,1.0,SHORT_SPREAD,0.0032915012598903016,329.1501259890302
MRNA,WAT,0.4975354432923285,0.0024645567076714,1.0,LONG_SPREAD,0.0032910330838021957,329.1033083802196
AEE,KEY,0.4973070117115042,0.0026929882884957,1.0,LONG_SPREAD,0.003289522084133703,328.95220841337033
STE,VRSK,0.497242812805529,0.002757187194471,1.0,LONG_SPREAD,0.0032890974295159132,328.90974295159134
CI,PNC,0.4971536784527773,-0.0028463215472226,1.0,SHORT_SPREAD,0.003288507835130701,328.8507835130701
MSCI,V,0.4970916634821732,-0.0029083365178267,1.0,SHORT_SPREAD,0.0032880976265260665,328.80976265260665
FSLR,GS,0.4970433596637071,0.0029566403362928,1.0,LONG_SPREAD,0.003287778112676774,328.7778112676774
MSCI,SYY,0.4969611227327567,0.0030388772672433,1.0,LONG_SPREAD,0.003287234142464969,328.72341424649693
O,SBAC,0.4969363693948628,-0.0030636306051371,1.0,SHORT_SPREAD,0.003287070407287824,328.70704072878243
JCI,PG,0.4965445478670097,-0.0034554521329902,1.0,SHORT_SPREAD,0.0032844786369355906,328.44786369355904
MDT,UAL,0.4964442284429227,0.0035557715570773,1.0,LONG_SPREAD,0.0032838150569875295,328.38150569875296
ALL,NSC,0.4964251048146703,0.0035748951853297,1.0,LONG_SPREAD,0.003283688560485402,328.3688560485402
MMM,CHTR,0.4963458080847056,-0.0036541919152943,1.0,SHORT_SPREAD,0.0032831640387347015,328.31640387347016
EVRG,HOOD,0.4962262455857431,-0.0037737544142568,1.0,SHORT_SPREAD,0.0032823731721844437,328.2373172184444
GPC,MTCH,0.4962022499968582,0.0037977500031417,1.0,LONG_SPREAD,0.003282214449267413,328.2214449267413
PFE,TROW,0.4957833872392487,0.0042166127607512,1.0,LONG_SPREAD,0.0032794438100869285,327.94438100869286
APO,AVY,0.4957174526526396,-0.0042825473473603,1.0,SHORT_SPREAD,0.0032790076745134278,327.9007674513428
ALL,PWR,0.4956463908097228,-0.0043536091902771,1.0,SHORT_SPREAD,0.003278537623828219,327.8537623828219
DPZ,LHX,0.4956434397631641,-0.0043565602368358,1.0,SHORT_SPREAD,0.003278518103627221,327.8518103627221
DPZ,EFX,0.4955650888273322,0.0044349111726677,1.0,LONG_SPREAD,0.0032779998379931924,327.79998379931925
KMI,PRU,0.4953949656105867,0.0046050343894132,1.0,LONG_SPREAD,0.0032768745289480173,327.6874528948017
KO,TDY,0.4951582160689535,-0.0048417839310464,1.0,SHORT_SPREAD,0.0032753085087084658,327.53085087084656
AEE,EQIX,0.4950834725931842,0.0049165274068157,1.0,LONG_SPREAD,0.00327481410523456,327.48141052345596
ABT,HAL,0.4948752817063361,-0.0051247182936638,1.0,SHORT_SPREAD,0.0032734369910900293,327.34369910900296
A,VZ,0.4943859655543963,0.0056140344456036,1.0,LONG_SPREAD,0.0032702003259113305,327.02003259113303
DELL,XYL,0.4941552867119205,0.0058447132880794,1.0,LONG_SPREAD,0.0032686744613471953,326.86744613471956
AOS,ELV,0.4939223330098433,-0.0060776669901566,1.0,SHORT_SPREAD,0.0032671335493360686,326.71335493360687
GE,PG,0.49372252897872,-0.0062774710212799,1.0,SHORT_SPREAD,0.0032658119114797736,326.58119114797734
MSCI,RCL,0.493438919054375,-0.006561080945625,1.0,SHORT_SPREAD,0.003263935925243019,326.3935925243019
PKG,SBAC,0.4933592521133174,0.0066407478866825,1.0,LONG_SPREAD,0.0032634089546678753,326.3408954667875
MMM,HOLX,0.493337841603286,0.0066621583967139,1.0,LONG_SPREAD,0.0032632673311960114,326.32673311960116
D,PLTR,0.4930980710726198,-0.0069019289273801,1.0,SHORT_SPREAD,0.0032616813281090323,326.1681328109032
EQT,DGX,0.4930215949406926,0.0069784050593073,1.0,LONG_SPREAD,0.003261175463685328,326.11754636853277
MKC,MPWR,0.4927645655906479,-0.007235434409352,1.0,SHORT_SPREAD,0.0032594752991927083,325.94752991927083
AMP,TXN,0.4925918474879295,0.0074081525120704,1.0,LONG_SPREAD,0.0032583328258315013,325.83328258315015
ABT,FDX,0.4924130382161173,-0.0075869617838826,1.0,SHORT_SPREAD,0.0032571500613929913,325.71500613929913
HLT,USB,0.4923293613068681,0.0076706386931318,1.0,LONG_SPREAD,0.0032565965661990265,325.65965661990265
EG,FTNT,0.492018614344421,-0.0079813856555789,1.0,SHORT_SPREAD,0.003254541077393371,325.4541077393371
MA,MKC,0.491995037543319,-0.0080049624566809,1.0,SHORT_SPREAD,0.0032543851246195875,325.43851246195874
MSCI,ODFL,0.4919882548872364,0.0080117451127636,1.0,LONG_SPREAD,0.003254340259583609,325.4340259583609
ALL,FIS,0.4919459526220849,0.008054047377915,1.0,LONG_SPREAD,0.0032540604440327568,325.4060444032757
NEM,TYL,0.4919023334518989,0.0080976665481011,1.0,LONG_SPREAD,0.0032537719175888507,325.3771917588851
MSCI,WRB,0.4918698853335349,-0.008130114666465,1.0,SHORT_SPREAD,0.003253557283973331,325.3557283973331
ERIE,NEM,0.4917880426803543,0.0082119573196456,1.0,LONG_SPREAD,0.0032530159217791102,325.301592177911
ALL,MPWR,0.4917120556132446,-0.0082879443867553,1.0,SHORT_SPREAD,0.00325251329235809,325.251329235809
JPM,RL,0.4916508457449073,-0.0083491542550927,1.0,SHORT_SPREAD,0.0032521084092397732,325.21084092397734
ADI,GS,0.4916172015042852,0.0083827984957147,1.0,LONG_SPREAD,0.0032518858636694835,325.18858636694836
D,IBKR,0.4915953945796791,0.0084046054203208,1.0,LONG_SPREAD,0.0032517416180457754,325.1741618045775
ESS,WMT,0.4915394641430614,0.0084605358569385,1.0,LONG_SPREAD,0.003251371656629394,325.13716566293937
ERIE,RTX,0.4912537299147966,0.0087462700852034,1.0,LONG_SPREAD,0.0032494816188218933,324.9481618821893
MSCI,PCG,0.4912490278298126,-0.0087509721701873,1.0,SHORT_SPREAD,0.003249450516078453,324.9450516078453
BXP,SWKS,0.4912477001236881,0.0087522998763118,1.0,LONG_SPREAD,0.003249441733739747,324.9441733739747
AFL,MRK,0.4911160600149517,0.0088839399850482,1.0,LONG_SPREAD,0.0032485709777788454,324.8570977778845
ADM,ESS,0.4910996867686593,-0.0089003132313406,1.0,SHORT_SPREAD,0.0032484626741474875,324.84626741474875
KO,DIS,0.4909806032517321,0.0090193967482679,1.0,LONG_SPREAD,0.0032476749759056305,324.76749759056304
IEX,WRB,0.4907323050056953,-0.0092676949943047,1.0,SHORT_SPREAD,0.003246032564790254,324.6032564790254
ABT,NFLX,0.4904065224180522,-0.0095934775819477,1.0,SHORT_SPREAD,0.0032438776202762206,324.38776202762205
CSX,HUBB,0.4903091311136777,0.0096908688863222,1.0,LONG_SPREAD,0.0032432334088756207,324.3233408875621
MTCH,VLTO,0.4902819897036075,-0.0097180102963924,1.0,SHORT_SPREAD,0.0032430538773875906,324.30538773875907
WMT,WDC,0.4901539640188558,0.0098460359811441,1.0,LONG_SPREAD,0.0032422070296508625,324.2207029650863
ALL,LDOS,0.4898742583708195,0.0101257416291805,1.0,LONG_SPREAD,0.0032403568689159355,324.03568689159357
KO,RCL,0.4898597361947879,-0.010140263805212,1.0,SHORT_SPREAD,0.003240260809504665,324.0260809504665
ES,KDP,0.4898250141373443,0.0101749858626556,1.0,LONG_SPREAD,0.003240031134531103,324.0031134531103
ROP,ROST,0.4893617993803877,-0.0106382006196122,1.0,SHORT_SPREAD,0.0032369671214831845,323.69671214831845
AFL,ROP,0.4893433315791164,0.0106566684208835,1.0,LONG_SPREAD,0.0032368449630605267,323.68449630605267
ALL,ADP,0.489268283034449,0.0107317169655509,1.0,LONG_SPREAD,0.0032363485416563404,323.63485416563407
CMS,LUV,0.4890319531100671,-0.0109680468899328,1.0,SHORT_SPREAD,0.0032347852970466967,323.47852970466965
ECL,ELV,0.4890070256227506,-0.0109929743772493,1.0,SHORT_SPREAD,0.0032346204099284815,323.46204099284813
AES,EXPE,0.4889907332359991,0.0110092667640008,1.0,LONG_SPREAD,0.0032345126411563543,323.4512641156354
ALL,NI,0.488987008136592,-0.0110129918634079,1.0,SHORT_SPREAD,0.0032344880008507147,323.44880008507147
ED,NCLH,0.4887895514803889,-0.0112104485196111,1.0,SHORT_SPREAD,0.00323318189010636,323.318189010636
MSCI,PPL,0.488788911648116,-0.0112110883518839,1.0,SHORT_SPREAD,0.003233177657826617,323.3177657826617
MSCI,TDG,0.4886688431885556,0.0113311568114443,1.0,LONG_SPREAD,0.003232383444513652,323.2383444513652
FANG,VZ,0.4884204014689377,-0.0115795985310622,1.0,SHORT_SPREAD,0.003230740084367793,323.0740084367793
ALL,USB,0.4883342252106614,0.0116657747893386,1.0,LONG_SPREAD,0.003230170056803226,323.0170056803226
FE,INVH,0.488255123498608,0.0117448765013919,1.0,LONG_SPREAD,0.0032296468250317756,322.9646825031776
AVGO,MPWR,0.4879325054814138,-0.0120674945185861,1.0,SHORT_SPREAD,0.003227512813108945,322.7512813108945
MSCI,ORCL,0.4877868546313357,0.0122131453686642,1.0,LONG_SPREAD,0.0032265493807087943,322.65493807087944
O,ZBH,0.4877606769308581,-0.0122393230691418,1.0,SHORT_SPREAD,0.003226376223842302,322.6376223842302
KHC,STT,0.4876822587811757,0.0123177412188242,1.0,LONG_SPREAD,0.00322585751361079,322.585751361079
EG,LDOS,0.4872249160962169,-0.012775083903783,1.0,SHORT_SPREAD,0.003222832342385049,322.28323423850486
MSCI,XYL,0.4871967231660157,-0.0128032768339842,1.0,SHORT_SPREAD,0.003222645855437692,322.2645855437692
ALL,WMB,0.4871372889620419,-0.012862711037958,1.0,SHORT_SPREAD,0.003222252717754288,322.2252717754288
EQT,TT,0.4870205038876043,-0.0129794961123957,1.0,SHORT_SPREAD,0.0032214802229524604,322.14802229524605
ES,FAST,0.4868793922160291,0.0131206077839709,1.0,LONG_SPREAD,0.0032205468157230346,322.0546815723035
LII,SYK,0.4868181122275056,-0.0131818877724943,1.0,SHORT_SPREAD,0.003220141468782782,322.0141468782782
ALL,CARR,0.4867478496734965,-0.0132521503265034,1.0,SHORT_SPREAD,0.0032196767051304353,321.9676705130435
LNT,KDP,0.4866963213706963,0.0133036786293036,1.0,LONG_SPREAD,0.0032193358623793227,321.9335862379323
NEE,ZTS,0.48651534472714,-0.01348465527286,1.0,SHORT_SPREAD,0.0032181387614905943,321.8138761490594
CPB,DLTR,0.4863879008697152,0.0136120991302847,1.0,LONG_SPREAD,0.0032172957623499963,321.7295762349996
AEE,TXT,0.4862073931260716,0.0137926068739283,1.0,LONG_SPREAD,0.0032161017630797486,321.6101763079749
CMCSA,WBD,0.4861613326681476,1.5773643016221766,0.8310848660131346,LONG_SPREAD,0.0032157970883215444,321.57970883215444
AEE,HSY,0.4860547017900358,0.0139452982099642,1.0,LONG_SPREAD,0.0032150917601839173,321.5091760183917
AEE,EBAY,0.4860133739179427,0.0139866260820572,1.0,LONG_SPREAD,0.00321481838992221,321.481838992221
QCOM,SJM,0.4859735936528855,-0.0140264063471144,1.0,SHORT_SPREAD,0.003214555256571309,321.4555256571309
WM,WYNN,0.4859468586589723,0.0140531413410276,1.0,LONG_SPREAD,0.0032143784133922956,321.4378413392296
EXR,GM,0.4859023307041228,-0.0140976692958771,1.0,SHORT_SPREAD,0.0032140838756371678,321.40838756371676
BK,STX,0.4858532755755364,-0.0141467244244635,1.0,SHORT_SPREAD,0.003213759392118889,321.3759392118889
ALL,CL,0.4857709576458728,-0.0142290423541272,1.0,SHORT_SPREAD,0.0032132148861272747,321.3214886127275
EQR,TEL,0.4856467702184394,0.0143532297815606,1.0,LONG_SPREAD,0.0032123934271984975,321.23934271984973
ALL,AAPL,0.4856041139172891,0.0143958860827108,1.0,LONG_SPREAD,0.0032121112698161223,321.2111269816122
AEE,HOOD,0.4854720626881744,0.0145279373118255,1.0,LONG_SPREAD,0.0032112377944293288,321.12377944293286
EG,PLTR,0.4853050483402173,-0.0146949516597826,1.0,SHORT_SPREAD,0.0032101330495272187,321.01330495272185
AWK,PFG,0.4853038195679895,-0.0146961804320105,1.0,SHORT_SPREAD,0.003210124921603653,321.0124921603653
ESS,F,0.4852534730036404,0.0147465269963595,1.0,LONG_SPREAD,0.0032097918956631648,320.97918956631645
KMI,TTD,0.4850119041748958,1.0007280514651629,0.9955096722027807,LONG_SPREAD,0.0032081939974267035,320.8193997426703
ALL,RF,0.4846505704555654,0.0153494295444346,1.0,LONG_SPREAD,0.003205803893886058,320.5803893886058
EQT,WRB,0.4845748099948567,-0.0154251900051433,1.0,SHORT_SPREAD,0.0032053027633917428,320.5302763391743
CPAY,NOC,0.484540874526381,0.015459125473619,1.0,LONG_SPREAD,0.0032050782914451238,320.50782914451236
MSCI,STLD,0.4845236172031258,0.0154763827968741,1.0,LONG_SPREAD,0.0032049641399358466,320.49641399358467
T,DHR,0.4844811533057256,-0.0155188466942743,1.0,SHORT_SPREAD,0.003204683255240906,320.4683255240906
ECL,MSFT,0.4842139424317171,-0.0157860575682828,1.0,SHORT_SPREAD,0.0032029157433207615,320.29157433207615
ALL,NRG,0.4839165812857562,0.0160834187142437,1.0,LONG_SPREAD,0.003200948797282266,320.0948797282266
AVB,GIS,0.4838628873859883,-0.0161371126140116,1.0,SHORT_SPREAD,0.003200593629820497,320.05936298204966
ADM,EQR,0.4838208923127272,0.0161791076872728,1.0,LONG_SPREAD,0.0032003158462428193,320.03158462428195
ALGN,AEE,0.4838119861265762,-0.0161880138734238,1.0,SHORT_SPREAD,0.003200256934754867,320.0256934754867
ADBE,TPR,0.4835787929665734,0.0164212070334265,1.0,LONG_SPREAD,0.0031987144388084332,319.87144388084334
MAA,VMC,0.4833716287090113,0.0166283712909886,1.0,LONG_SPREAD,0.003197344115478488,319.73441154784877
MSCI,UBER,0.4831031584248151,-0.0168968415751849,1.0,SHORT_SPREAD,0.003195568272974764,319.5568272974764
ITW,MTCH,0.4830880677382874,-0.0169119322617126,1.0,SHORT_SPREAD,0.0031954684530538127,319.5468453053813
EG,KVUE,0.4830467033046322,0.0169532966953678,1.0,LONG_SPREAD,0.0031951948409494144,319.51948409494145
PCG,TFC,0.4828559613771745,1.022418827987397,0.9886963238256508,LONG_SPREAD,0.003193933145924076,319.3933145924076
ALL,GPN,0.4828075981755118,0.0171924018244882,1.0,LONG_SPREAD,0.0031936132392744966,319.36132392744963
QCOM,TMO,0.4827930260698754,0.0172069739301245,1.0,LONG_SPREAD,0.003193516849595336,319.3516849595336
MSCI,TT,0.4826862598403105,0.0173137401596895,1.0,LONG_SPREAD,0.0031928106261524276,319.2810626152428
CDNS,DASH,0.4826548206810154,-0.0173451793189845,1.0,SHORT_SPREAD,0.003192602666468827,319.2602666468827
AON,DLTR,0.4825816782880993,0.0174183217119006,1.0,LONG_SPREAD,0.003192118853630645,319.21188536306454
ALL,VLO,0.482576692326678,0.0174233076733219,1.0,LONG_SPREAD,0.0031920858731380726,319.20858731380724
EG,TFC,0.4824322519776524,0.0175677480223475,1.0,LONG_SPREAD,0.003191130447803681,319.1130447803681
PCG,SYY,0.4822793093719492,0.0177206906280507,1.0,LONG_SPREAD,0.003190118782841761,319.01187828417613
BAX,L,0.4821318818839193,0.0178681181160807,1.0,LONG_SPREAD,0.0031891435985667324,318.91435985667323
EQT,VST,0.4821020331470043,0.0178979668529956,1.0,LONG_SPREAD,0.0031889461590033376,318.89461590033375
DPZ,SBAC,0.4820937071283868,0.0179062928716131,1.0,LONG_SPREAD,0.003188891085132529,318.8891085132529
CI,ERIE,0.482084064732004,0.0179159352679959,1.0,LONG_SPREAD,0.0031888273038563793,318.88273038563796
AMGN,BIIB,0.4820161331408141,0.0179838668591858,1.0,LONG_SPREAD,0.0031883779587553313,318.8377958755331
AVB,GE,0.482013533878511,0.017986466121489,1.0,LONG_SPREAD,0.003188360765491317,318.8360765491317
MMM,BG,0.4820098321354735,-0.0179901678645264,1.0,SHORT_SPREAD,0.003188336279680369,318.8336279680369
CINF,ZTS,0.4818848057652942,-0.0181151942347057,1.0,SHORT_SPREAD,0.003187509271421651,318.7509271421651
ON,STT,0.4817986251183443,0.0182013748816556,1.0,LONG_SPREAD,0.003186939214827454,318.6939214827454
PEG,TTD,0.48159722324649,-0.0184027767535099,1.0,SHORT_SPREAD,0.003185607007781005,318.5607007781005
ALL,MDT,0.4814574159920375,-0.0185425840079624,1.0,SHORT_SPREAD,0.0031846822288412093,318.4682228841209
DECK,WMB,0.4812541162910739,0.018745883708926,1.0,LONG_SPREAD,0.0031833374682802913,318.3337468280291
ANET,STZ,0.4812357033110289,-0.018764296688971,1.0,SHORT_SPREAD,0.003183215672481989,318.3215672481989
DPZ,PLD,0.481199380866996,-0.0188006191330039,1.0,SHORT_SPREAD,0.0031829754114782584,318.2975411478258
LH,META,0.4811951361055446,-0.0188048638944553,1.0,SHORT_SPREAD,0.0031829473337793577,318.29473337793576
IEX,PPL,0.4811611531177679,-0.018838846882232,1.0,SHORT_SPREAD,0.003182722547508214,318.2722547508214
AVB,L,0.4811243086576434,0.0188756913423565,1.0,LONG_SPREAD,0.003182478833539974,318.2478833539974
KMI,TPL,0.4809981704396258,1.018472048879498,0.989293177588608,LONG_SPREAD,0.0031816444707740157,318.1644470774016
AFL,VTR,0.4808306556837489,-0.0191693443162511,1.0,SHORT_SPREAD,0.0031805364158383354,318.05364158383355
CINF,GIS,0.4807745305476679,0.019225469452332,1.0,LONG_SPREAD,0.0031801651665491325,318.01651665491323
DVN,SWK,0.4807731677798653,1.8760555046263985,0.7442050466152763,LONG_SPREAD,0.003180156152288974,318.0156152288974
ESS,LHX,0.4806838477883643,0.0193161522116356,1.0,LONG_SPREAD,0.0031795653299645796,317.95653299645795
FANG,SBAC,0.4805686970604297,0.0194313029395702,1.0,LONG_SPREAD,0.0031788036458265632,317.88036458265634
AEE,ADM,0.4805233816808702,0.0194766183191297,1.0,LONG_SPREAD,0.0031785038995163334,317.85038995163336
AWK,PLD,0.4804403168728257,-0.0195596831271742,1.0,SHORT_SPREAD,0.0031779544531702294,317.79544531702294
EG,IQV,0.4802966116598968,0.0197033883401031,1.0,LONG_SPREAD,0.0031770038905189857,317.7003890518986
CI,ZTS,0.4801800628593135,-0.0198199371406864,1.0,SHORT_SPREAD,0.003176232958590882,317.6232958590882
CI,INTC,0.480112958451526,0.0198870415484739,1.0,LONG_SPREAD,0.003175789085035591,317.5789085035591
EXR,WDAY,0.4798728584390299,-0.0201271415609701,1.0,SHORT_SPREAD,0.0031742009025348284,317.42009025348284
AVY,PRU,0.4797528425905535,-0.0202471574094464,1.0,SHORT_SPREAD,0.003173407037226856,317.34070372268565
EG,TAP,0.4796391400266322,0.0203608599733678,1.0,LONG_SPREAD,0.003172654932216805,317.2654932216805
GIS,LHX,0.4795278988712114,-0.0204721011287886,1.0,SHORT_SPREAD,0.003171919108613269,317.1919108613269
AEE,CPAY,0.4793977343035404,0.0206022656964595,1.0,LONG_SPREAD,0.0031710581128705146,317.10581128705144
EXE,GRMN,0.4793480131849923,0.0206519868150076,1.0,LONG_SPREAD,0.003170729224047997,317.07292240479967
ES,LDOS,0.4789205660589325,0.0210794339410674,1.0,LONG_SPREAD,0.0031679018020976525,316.79018020976525
KO,LYV,0.478750506152644,-0.0212494938473559,1.0,SHORT_SPREAD,0.003166776911830297,316.6776911830297
ALL,EQIX,0.4786343756948675,-0.0213656243051324,1.0,SHORT_SPREAD,0.003166008747102071,316.6008747102071
DAY,SBAC,0.4785768322637841,-0.0214231677362158,1.0,SHORT_SPREAD,0.0031656281162585724,316.56281162585725
